"","name","abbrv","formula","state"
"1","H2O2","H2O2","H2O2","aq"
"2","[-CH2OH]",NA,"CH3O","aq"
"3","HPO4-2","HPO4-2","HPO4-2","aq"
"4","NH4+","NH4+","NH4+","aq"
"5","NH4CrO4-",NA,"NH4CrO4-","aq"
"6","NH4(Ac)",NA,"NH4CH3COO","aq"
"7","NH4(Ac)2-",NA,"NH4(CH3COO)2-","aq"
"8","NH4(Oxal)-",NA,"NH4C2O4-","aq"
"9","NH4(Mal)-",NA,"NH4C3H2O4-","aq"
"10","NH4(Succ)-",NA,"NH4C4H4O4-","aq"
"11","pyruvate",NA,"CH3COCOO-","aq"
"12","glutamate","Glu-","C5H8NO4-","aq"
"13","glutamic acid","Glu","C5H9NO4","aq"
"14","glucose","glucose","C6H12O6","aq"
"15","ethylacetate",NA,"CH3COOCH2CH3","aq"
"16","acetate",NA,"C2H3O2-","aq"
"17","H-oxaloacetate",NA,"C4H3O5-","aq"
"18","oxaloacetate-2",NA,"C4H2O5-2","aq"
"19","ethyl acetate",NA,"C4H8O2","liq"
"20","ethyl acetate",NA,"C4H8O2","gas"
"21","MnCl+","MnCl+","MnCl+","aq"
"22","MnSO4","MnSO4","MnSO4","aq"
"23","MnF+","MnF+","MnF+","aq"
"24","MnO4-","MnO4-","MnO4-","aq"
"25","Mn+2","Mn+2","Mn+2","aq"
"26","Mn+3","Mn+3","Mn+3","aq"
"27","MnO4-2","MnO4-2","MnO4-2","aq"
"28","MnOH+","MnOH+","MnOH+1","aq"
"29","MnO","MnO","MnO","aq"
"30","HMnO2-","HMnO2-","HMnO2-1","aq"
"31","MnO2-2","MnO2-2","MnO2-2","aq"
"32","manganosite","Mng","MnO","cr"
"33","ZnF+","ZnF+","ZnF+","aq"
"34","zincite","Znc","ZnO","cr"
"35","succinate-2",NA,"C4H4O4-2","aq"
"36","aspartate","Asp-","C4H6NO4-","aq"
"37","aspartic acid","Asp","C4H7NO4","aq"
"38","glutathione","GSH","C10H17N3O6S","aq"
"39","glutathione,ox","GSSG","C20H32N6O12S2","aq"
"40","SO4-2","SO4-2","SO4-2","aq"
"41","arginine","Arg","C6H14N4O2","aq"
"42","arginine",NA,"C6H14N4O2","cr"
"43","arginine:HCl",NA,"C6H14N4O2:HCl","cr"
"44","argininium","Arg+","C6H15N4O2+","aq"
"45","argininate","Arg-","C6H13N4O2-","aq"
"46","aragonite","Arg","CaCO3","cr"
"47","glutamine","Gln","C5H10N2O3","aq"
"48","glutamine",NA,"C5H10N2O3","cr"
"49","serine","Ser","C3H7NO3","aq"
"50","serine",NA,"C3H7NO3","cr"
"51","Cu+2","Cu+2","Cu+2","aq"
"52","CuF+","CuF+","CuF+","aq"
"53","CuCl3-2","CuCl3-2","CuCl3-2","aq"
"54","CuCl+","CuCl+","CuCl+","aq"
"55","CuCl2","CuCl2","CuCl2","aq"
"56","CuCl3-","CuCl3-","CuCl3-","aq"
"57","CuCl4-2","CuCl4-2","CuCl4-2","aq"
"58","CuOH+","CuOH+","CuOH+1","aq"
"59","CuO","CuO","CuO","aq"
"60","HCuO2-","HCuO2-","HCuO2-1","aq"
"61","CuO2-2","CuO2-2","CuO2-2","aq"
"62","copper","Cu","Cu","cr"
"63","Ca+2","Ca+2","Ca+2","aq"
"64","CaF+","CaF+","CaF+","aq"
"65","CaSO4","CaSO4","CaSO4","aq"
"66","CaCO3","CaCO3","CaCO3","aq"
"67","CaCl+","CaCl+","CaCl+","aq"
"68","CaCl2","CaCl2","CaCl2","aq"
"69","Ca(HSiO3)+","Ca(HSiO3)+","Ca(HSiO3)+","aq"
"70","CaOH+","CaOH+","CaOH+","aq"
"71","tryptophan","Trp","C11H12N2O2","aq"
"72","tryptophan",NA,"C11H12N2O2","cr"
"73","urea",NA,"H2NCONH2","aq"
"74","sulfur",NA,"S","cr"
"75","sulfur",NA,"S","cr2"
"76","sulfur",NA,"S","cr3"
"77","sulfur","S2","S2","gas"
"78","sulfur dioxide","SO2","SO2","gas"
"79","HSO3-","HSO3-","HSO3-","aq"
"80","fructose","fructose","C6H12O6","aq"
"81","cysteine","Cys","C3H7NO2S","aq"
"82","cysteine",NA,"C3H7NO2S","cr"
"83","cysteinate","Cys-","C3H6NO2S-","aq"
"84","Cl-","Cl-","Cl-","aq"
"85","glycerol",NA,"C3H5(OH)3","liq"
"86","Am(Glyc)+2","Am(Glyc)+2","AmCH3OCO2+2","aq"
"87","Am(Glyc)2+","Am(Glyc)2+","Am(CH3OCO2)2+1","aq"
"88","glycine","Gly","C2H5NO2","aq"
"89","triglycine","GlyGlyGly","C6H11N3O4","aq"
"90","glycinium","Gly+","C2H6NO2+","aq"
"91","glycinate","Gly-","C2H4NO2-","aq"
"92","diglycine","GlyGly","C4H8N2O3","aq"
"93","diglycine+","GlyGly+","C4H9N2O3+","aq"
"94","diglycine-","GlyGly-","C4H7N2O3-","aq"
"95","triglycine+","GlyGlyGly+","C6H12N3O4+","aq"
"96","triglycine-","GlyGlyGly-","C6H10N3O4-","aq"
"97","galactose","galactose","C6H12O6","aq"
"98","methanol",NA,"CH3OH","aq"
"99","methanol",NA,"CH3OH","liq"
"100","methanol",NA,"CH3OH","gas"
"101","methionine","Met","C5H11NO2S","aq"
"102","metacinnabar","Met-Cin","HgS","cr"
"103","histidine","His","C6H9N3O2","aq"
"104","histidine",NA,"C6H9N3O2","cr"
"105","histidine:HCl",NA,"C6H9N3O2:HCl","cr"
"106","histidinium","His+","C6H10N3O2+","aq"
"107","malate-2",NA,"C4H4O5-2","aq"
"108","asparagine","Asn","C4H8N2O3","aq"
"109","asparagine",NA,"C4H8N2O3","cr"
"110","isocitrate-3",NA,"C6H5O7-3","aq"
"111","citrate-3",NA,"C6H5O7-3","aq"
"112","CoCl+","CoCl+","CoCl+","aq"
"113","CoF+","CoF+","CoF+","aq"
"114","Co+2","Co+2","Co+2","aq"
"115","Co+3","Co+3","Co+3","aq"
"116","CoOH+","CoOH+","CoOH+1","aq"
"117","CoO","CoO","CoO","aq"
"118","HCoO2-","HCoO2-","HCoO2-","aq"
"119","CoO2-2","CoO2-2","CoO2-2","aq"
"120","CoOH+2","CoOH+2","CoOH+2","aq"
"121","corundum","Co","Al2O3","cr"
"122","thymine",NA,"C5H6N2O2","aq"
"123","thymine","thymine","C5H6N2O2","cr"
"124","benzoate",NA,"C7H5O2-","aq"
"125","methyl-2-iodobenzoate",NA,"C8H7IO2","liq"
"126","methyl-2-iodobenzoate",NA,"C8H7IO2","gas"
"127","H-oxalate",NA,"C2HO4-","aq"
"128","oxalate-2",NA,"C2O4-2","aq"
"129","methanamine",NA,"CH3NH2","aq"
"130","K+","K+","K+","aq"
"131","Kr",NA,"Kr","aq"
"132","KSO4-","KSO4-","KSO4-","aq"
"133","KCl","KCl","KCl","aq"
"134","KBr","KBr","KBr","aq"
"135","KI","KI","KI","aq"
"136","KHSO4","KHSO4","KHSO4","aq"
"137","KOH","KOH","KOH","aq"
"138","KCrO4-",NA,"KCrO4-","aq"
"139","K(Ac)",NA,"KCH3COO","aq"
"140","K(Ac)2-",NA,"K(CH3COO)2-","aq"
"141","K(For)",NA,"KCHO2","aq"
"142","K(For)2-",NA,"K(CHO2)2-","aq"
"143","K(Prop)",NA,"KCH3CH2CO2","aq"
"144","K(Prop)2-",NA,"K(CH3CH2CO2)2-","aq"
"145","K(But)",NA,"KCH3(CH2)2CO2","aq"
"146","K(But)2-",NA,"K(CH3CH2CH2CO2)2-","aq"
"147","K(Pent)",NA,"KCH3(CH2)3CO2","aq"
"148","K(Pent)2-",NA,"K(CH3CH2CH2CH2CO2)2-","aq"
"149","K(Glyc)",NA,"KCH3OCO2","aq"
"150","K(Glyc)2-",NA,"K(CH3OCO2)2-","aq"
"151","K(Lac)",NA,"KCH3CH2OCO2","aq"
"152","K(Lac)2-",NA,"K(CH3CH2OCO2)2-","aq"
"153","K(Oxal)-",NA,"KC2O4-","aq"
"154","K(Mal)-",NA,"KC4H4O5-","aq"
"155","K(Succ)-",NA,"KC4H4O4-","aq"
"156","K(Glut)-",NA,"KC5H6O4-","aq"
"157","K(Adip)-",NA,"KC6H8O4-","aq"
"158","K-feldspar","Kfs","KAlSi3O8","cr"
"159","K-feldspar,high","Sa","KAlSi3O8","cr"
"160","K-feldspar,low","Mcr","KAlSi3O8","cr"
"161","Gly-Lys+-Gly","GKG+","C10H21N4O4+","aq"
"162","diketopiperazine","DKP","C4H6N2O2","aq"
"163","potassium oxide","K-Ox","K2O","cr"
"164","kaolinite","Kln","Al2Si2O9H4","cr"
"165","kyanite","Ky","Al2SiO5","cr"
"166","krypton","Kr","Kr","gas"
"167","NO3-","NO3-","NO3-","aq"
"168","HS-","HS-","HS-","aq"
"169","AsS(OH)HS-",NA,"AsS(OH)HS-","aq"
"170","HCO3-","HCO3-","HCO3-","aq"
"171","Ni+2","Ni+2","Ni+2","aq"
"172","NiCl+","NiCl+","NiCl+","aq"
"173","NiF+","NiF+","NiF+","aq"
"174","NiOH+","NiOH+","NiOH+","aq"
"175","NiO","NiO","NiO","aq"
"176","HNiO2-","HNiO2-","HNiO2-1","aq"
"177","NiO2-2","NiO2-2","NiO2-2","aq"
"178","HNicMP(red)-","HNicMP(red)-","C11H16N2O8P-","aq"
"179","NicMP(red)-2","NicMP(red)2-","C11H15N2O8P-2","aq"
"180","HNicMP(ox)","HNicMP(ox)","C11H15N2O8P","aq"
"181","NicMP(ox)-","NicMP(ox)-","C11H14N2O8P-","aq"
"182","nickel","Ni","Ni","cr"
"183","nickel","Ni","Ni","cr2"
"184","nicotinamide,red","NicotinamideRed","C6H8N2O","cr"
"185","nicotinamide,ox","NicotinamideOx","C6H6N2O","cr"
"186","Mg2ADP+","Mg2ADP+","Mg2C10H12N5O10P2+","aq"
"187","Mg2ATP","Mg2ATP","Mg2C10H12N5O13P3","aq"
"188","Mg+2","Mg+2","Mg+2","aq"
"189","MgSO4","MgSO4","MgSO4","aq"
"190","MgCl+","MgCl+","MgCl+","aq"
"191","MgF+","MgF+","MgF+","aq"
"192","MgCO3","MgCO3","MgCO3","aq"
"193","Mg(HSiO3)+","Mg(HSiO3)+","Mg(HSiO3)+","aq"
"194","MgOH+","MgOH+","MgOH+","aq"
"195","MgAMP","MgAMP","MgC10H12N5O7P","aq"
"196","MgADP-","MgADP-","MgC10H12N5O10P2-","aq"
"197","MgHADP","MgHADP","MgC10H13N5O10P2","aq"
"198","MgATP-2","MgATP-2","MgC10H12N5O13P3-2","aq"
"199","MgHATP-","MgHATP-","MgC10H13N5O13P3-","aq"
"200","MgH2ATP","MgH2ATP","MgC10H14N5O13P3","aq"
"201","HS2O3-","HS2O3-","HS2O3-1","aq"
"203","ethanol",NA,"C2H5OH","aq"
"204","methyldiethanolamine","MDEA","CH3N(C2H4OH)2","aq"
"205","methyldiethanolammonium chloride","MDEAHCl","CH3NH(C2H4OH)2Cl","aq"
"207","ethanol",NA,"C2H5OH","liq"
"209","ethanol",NA,"C2H5OH","gas"
"1100","n-pentanoate",NA,"C5H9O2-","aq"
"1101","Br-","Br-","Br-","aq"
"1102","Na+","Na+","Na+","aq"
"210","NaSO4-","NaSO4-","NaSO4-","aq"
"310","NaCl","NaCl","NaCl","aq"
"410","NaF","NaF","NaF","aq"
"510","NaBr","NaBr","NaBr","aq"
"610","NaI","NaI","NaI","aq"
"710","NaHSiO3","NaHSiO3","NaHSiO3","aq"
"810","NaOH","NaOH","NaOH","aq"
"910","NaAl(OH)3F",NA,"NaAl(OH)3F","aq"
"1010","NaAl(OH)2F2",NA,"NaAl(OH)2F2","aq"
"1110","NaAl(OH)4",NA,"NaAl(OH)4","aq"
"1210","NaCrO4-",NA,"NaCrO4-","aq"
"1310","Na(Ac)",NA,"NaCH3COO","aq"
"1410","Na(Ac)2-",NA,"Na(CH3COO)2-","aq"
"1510","Na(For)",NA,"NaCHO2","aq"
"1610","Na(For)2-",NA,"Na(CHO2)2-","aq"
"1710","Na(Prop)",NA,"NaCH3CH2CO2","aq"
"1810","Na(Prop)2-",NA,"Na(CH3CH2CO2)2-","aq"
"1910","Na(But)",NA,"NaCH3(CH2)2CO2","aq"
"202","Na(But)2-",NA,"Na(CH3CH2CH2CO2)2-","aq"
"211","Na(Pent)",NA,"NaCH3(CH2)3CO2","aq"
"221","Na(Pent)2-",NA,"Na(CH3CH2CH2CH2CO2)2-","aq"
"231","Na(Glyc)",NA,"Na(CH3OCO2)","aq"
"241","Na(Glyc)2-",NA,"Na(CH3OCO2)2-","aq"
"251","Na(Lac)",NA,"NaCH3CH2OCO2","aq"
"261","Na(Lac)2-",NA,"Na(CH3CH2OCO2)2-","aq"
"271","Na(Oxal)-",NA,"NaC2O4-","aq"
"281","Na(Mal)-",NA,"NaC4H4O5-","aq"
"291","Na(Succ)-",NA,"NaC4H4O4-","aq"
"301","Na(Glut)-",NA,"NaC5H6O4-","aq"
"311","Na(Adip)-",NA,"NaC6H8O4-","aq"
"321","Na(Gly)",NA,"Na(C2H4NO2)","aq"
"331","Na(Gly)2-",NA,"Na(C2H4NO2)2-","aq"
"1103","sodium oxide","Na-Ox","Na2O","cr"
"1104","lactate",NA,"C3H5O3-","aq"
"1105","Am(Lac)+2","Am(Lac)+2","AmCH3CH2OCO2+2","aq"
"212","Am(Lac)2+","Am(Lac)2+","Am(CH3CH2OCO2)2+1","aq"
"1106","n-hexanoate",NA,"C6H11O2-","aq"
"1107","SCN-","SCN-","SCN-","aq"
"1108","S4O6-2","S4O6-2","S4O6-2","aq"
"1109","n-butanoate",NA,"C4H7O2-","aq"
"1111","isocitric acid",NA,"C6H8O7","aq"
"213","citric acid",NA,"C6H8O7","aq"
"312","citric acid",NA,"C6H8O7","cr"
"1112","FeCl+","FeCl+","FeCl+","aq"
"214","Fe(Ac)+","Fe(Ac)+","FeCH3COO+","aq"
"313","Fe(Ac)2","Fe(Ac)2","Fe(CH3COO)2","aq"
"411","FeCl2","FeCl2","FeCl2","aq"
"511","FeCl+2","FeCl+2","FeCl+2","aq"
"611","FeF+","FeF+","FeF+","aq"
"711","FeF+2","FeF+2","FeF+2","aq"
"811","Fe+2","Fe+2","Fe+2","aq"
"911","Fe+3","Fe+3","Fe+3","aq"
"1011","FeOH+","FeOH+","FeOH+1","aq"
"1113","FeO","FeO","FeO","aq"
"1211","HFeO2-","HFeO2-","HFeO2-","aq"
"1311","FeOH+2","FeOH+2","FeOH+2","aq"
"1411","FeO+","FeO+","FeO+1","aq"
"1511","HFeO2","HFeO2","HFeO2","aq"
"1611","FeO2-","FeO2-","FeO2-","aq"
"1711","iron","Fe","Fe","cr"
"1811","iron","Fe","Fe","cr2"
"1911","iron","Fe","Fe","cr3"
"206","iron","Fe","Fe","cr4"
"1114","MoO4-2","MoO4-2","MoO4-2","aq"
